<?xml version="1.0" encoding="UTF-8" standalone="no"?><Canchas><Cancha><MarcadorEquipo>0</MarcadorEquipo><MarcadorEnemigo>0</MarcadorEnemigo><Robots><Robot><Arquero><Arquero><TiempoSinGoles>0</TiempoSinGoles><Dorsal>1</Dorsal><Nombre>Petr Cech</Nombre><Posicion>Arquero</Posicion><Imagen>imagenes/petr.gif</Imagen><ListaJugadas/><JugadasComplejas><JugadaComplejaDefensiva><NombreJugada>azaroso</NombreJugada><FechaCreacion>Wed Nov 18 23:48:03 COT 2015</FechaCreacion><Autor/><Explicacion>Realiza un combo de amages para asustar y
					posteriormente atacar al oponente.
				</Explicacion><JugadasPrimitivas><JugadaPrimitiva><Tipo>1</Tipo><Valor>30</Valor></JugadaPrimitiva><JugadaPrimitiva><Tipo>4</Tipo><Valor>30</Valor></JugadaPrimitiva></JugadasPrimitivas></JugadaComplejaDefensiva></JugadasComplejas></Arquero></Arquero><ConeccionBluetooth>btspp://NXT_3</ConeccionBluetooth><PosicionRelativa><X>300.0</X><Y>1200.0</Y></PosicionRelativa></Robot><Robot><Delantero><Delantero><GolesMArcados>0</GolesMArcados><Dorsal>12</Dorsal><Nombre>Luis Suarez</Nombre><Posicion>Delantero</Posicion><Imagen>imagenes/suarez.gif</Imagen><ListaJugadas/><JugadasComplejas><JugadaComplejaDefensiva><NombreJugada>Zig-Zag</NombreJugada><FechaCreacion>Wed Nov 18 22:55:33 COT 2015</FechaCreacion><Autor/><Explicacion>Giros inesperados de alto nivel para eludir al rival
				</Explicacion><JugadasPrimitivas><JugadaPrimitiva><Tipo>2</Tipo><Valor>0</Valor></JugadaPrimitiva><JugadaPrimitiva><Tipo>2</Tipo><Valor>0</Valor></JugadaPrimitiva><JugadaPrimitiva><Tipo>2</Tipo><Valor>0</Valor></JugadaPrimitiva><JugadaPrimitiva><Tipo>2</Tipo><Valor>0</Valor></JugadaPrimitiva></JugadasPrimitivas></JugadaComplejaDefensiva></JugadasComplejas></Delantero></Delantero><ConeccionBluetooth>btspp://NXT_4</ConeccionBluetooth><PosicionRelativa><X>300.0</X><Y>0.0</Y></PosicionRelativa></Robot></Robots></Cancha></Canchas>