<?xml version="1.0" encoding="UTF-8" standalone="no"?><Futbolistas><Arquero><TiempoSinGoles>0</TiempoSinGoles><Dorsal>3</Dorsal><Nombre>Manuel Neuer</Nombre><Posicion>Arquero</Posicion><Imagen>imagenes/neuer.gif</Imagen><ListaJugadas/><JugadasComplejas><JugadaComplejaDefensiva><NombreJugada>Carambola</NombreJugada><FechaCreacion>Wed Nov 18 22:46:37 COT 2015</FechaCreacion><Autor/><Explicacion>Eludir al defensor con movimientos rotatorios y anotar
					un gol
				</Explicacion><JugadasPrimitivas><JugadaPrimitiva><Tipo>1</Tipo><Valor>10</Valor></JugadaPrimitiva><JugadaPrimitiva><Tipo>4</Tipo><Valor>10</Valor></JugadaPrimitiva><JugadaPrimitiva><Tipo>1</Tipo><Valor>10</Valor></JugadaPrimitiva></JugadasPrimitivas></JugadaComplejaDefensiva><JugadaComplejaDefensiva><NombreJugada>El fantasma</NombreJugada><FechaCreacion>Wed Nov 18 23:13:47 COT 2015</FechaCreacion><Autor/><Explicacion>Permite al jugador ir de la esquina directo al arco
					enemigo
				</Explicacion><JugadasPrimitivas><JugadaPrimitiva><Tipo>1</Tipo><Valor>80</Valor></JugadaPrimitiva><JugadaPrimitiva><Tipo>4</Tipo><Valor>80</Valor></JugadaPrimitiva></JugadasPrimitivas></JugadaComplejaDefensiva><JugadaComplejaDefensiva><NombreJugada>Amage</NombreJugada><FechaCreacion>Wed Nov 18 23:19:19 COT 2015</FechaCreacion><Autor>Esteban</Autor><Explicacion>Realiza un amage con estilo</Explicacion><JugadasPrimitivas><JugadaPrimitiva><Tipo>1</Tipo><Valor>30</Valor></JugadaPrimitiva><JugadaPrimitiva><Tipo>2</Tipo><Valor>0</Valor></JugadaPrimitiva><JugadaPrimitiva><Tipo>3</Tipo><Valor>0</Valor></JugadaPrimitiva></JugadasPrimitivas></JugadaComplejaDefensiva><JugadaComplejaDefensiva><NombreJugada>Palomero</NombreJugada><FechaCreacion>Wed Nov 18 23:40:41 COT 2015</FechaCreacion><Autor/><Explicacion>Realiza pase al delantero que estará cerca al arco del
					oponente para realizar el gol.
				</Explicacion><JugadasPrimitivas><JugadaPrimitiva><Tipo>1</Tipo><Valor>15</Valor></JugadaPrimitiva><JugadaPrimitiva><Tipo>4</Tipo><Valor>15</Valor></JugadaPrimitiva></JugadasPrimitivas></JugadaComplejaDefensiva><JugadaComplejaDefensiva><NombreJugada>Futzo</NombreJugada><FechaCreacion>Fri Nov 27 00:41:17 COT 2015</FechaCreacion><Autor>Admin</Autor><Explicacion>a</Explicacion><JugadasPrimitivas/></JugadaComplejaDefensiva></JugadasComplejas></Arquero><Arquero><TiempoSinGoles>0</TiempoSinGoles><Dorsal>9</Dorsal><Nombre>David de Gea</Nombre><Posicion>Arquero</Posicion><Imagen>imagenes/david.gif</Imagen><ListaJugadas/><JugadasComplejas><JugadaComplejaDefensiva><NombreJugada>Fatality</NombreJugada><FechaCreacion>Wed Nov 18 23:24:50 COT 2015</FechaCreacion><Autor/><Explicacion>Contra-ataca al oponente para quitarle el balon y
					realizar su proximo gol
				</Explicacion><JugadasPrimitivas><JugadaPrimitiva><Tipo>1</Tipo><Valor>50</Valor></JugadaPrimitiva><JugadaPrimitiva><Tipo>4</Tipo><Valor>50</Valor></JugadaPrimitiva></JugadasPrimitivas></JugadaComplejaDefensiva></JugadasComplejas></Arquero><Arquero><TiempoSinGoles>0</TiempoSinGoles><Dorsal>15</Dorsal><Nombre>Thibaut Coutrois</Nombre><Posicion>Arquero</Posicion><Imagen>imagenes/thibaut.gif</Imagen><ListaJugadas/><JugadasComplejas><JugadaComplejaDefensiva><NombreJugada>Contra-Ataque</NombreJugada><FechaCreacion>Wed Nov 18 23:31:23 COT 2015</FechaCreacion><Autor/><Explicacion>Perfecta para dejar en ridiculo a tu oponente
					arrebatandole el balon sin que lo note
				</Explicacion><JugadasPrimitivas><JugadaPrimitiva><Tipo>3</Tipo><Valor>0</Valor></JugadaPrimitiva><JugadaPrimitiva><Tipo>2</Tipo><Valor>0</Valor></JugadaPrimitiva><JugadaPrimitiva><Tipo>1</Tipo><Valor>10</Valor></JugadaPrimitiva></JugadasPrimitivas></JugadaComplejaDefensiva></JugadasComplejas></Arquero><Arquero><TiempoSinGoles>0</TiempoSinGoles><Dorsal>1</Dorsal><Nombre>Petr Cech</Nombre><Posicion>Arquero</Posicion><Imagen>imagenes/petr.gif</Imagen><ListaJugadas/><JugadasComplejas><JugadaComplejaDefensiva><NombreJugada>azaroso</NombreJugada><FechaCreacion>Wed Nov 18 23:48:03 COT 2015</FechaCreacion><Autor/><Explicacion>Realiza un combo de amages para asustar y
					posteriormente atacar al oponente.
				</Explicacion><JugadasPrimitivas><JugadaPrimitiva><Tipo>1</Tipo><Valor>30</Valor></JugadaPrimitiva><JugadaPrimitiva><Tipo>4</Tipo><Valor>30</Valor></JugadaPrimitiva></JugadasPrimitivas></JugadaComplejaDefensiva></JugadasComplejas></Arquero><Arquero><TiempoSinGoles>0</TiempoSinGoles><Dorsal>5</Dorsal><Nombre>Keylor Navas</Nombre><Posicion>Arquero</Posicion><Imagen>imagenes/navas.gif</Imagen><ListaJugadas/><JugadasComplejas><JugadaComplejaDefensiva><NombreJugada>Punta a Punta</NombreJugada><FechaCreacion>Wed Nov 18 23:37:01 COT 2015</FechaCreacion><Autor/><Explicacion>Un golpe impredecible de extremo a extremo de la
					cancha, será una jugada inesperada.
				</Explicacion><JugadasPrimitivas><JugadaPrimitiva><Tipo>1</Tipo><Valor>20</Valor></JugadaPrimitiva><JugadaPrimitiva><Tipo>4</Tipo><Valor>20</Valor></JugadaPrimitiva></JugadasPrimitivas></JugadaComplejaDefensiva><JugadaComplejaDefensiva><NombreJugada>Amage</NombreJugada><FechaCreacion>Wed Nov 18 23:19:19 COT 2015</FechaCreacion><Autor>Esteban</Autor><Explicacion>Realiza un amage con estilo</Explicacion><JugadasPrimitivas><JugadaPrimitiva><Tipo>1</Tipo><Valor>40</Valor></JugadaPrimitiva></JugadasPrimitivas></JugadaComplejaDefensiva><JugadaComplejaDefensiva><NombreJugada>Amage</NombreJugada><FechaCreacion>Wed Nov 18 23:19:19 COT 2015</FechaCreacion><Autor>Esteban</Autor><Explicacion>Realiza un amage con estilo</Explicacion><JugadasPrimitivas><JugadaPrimitiva><Tipo>1</Tipo><Valor>40</Valor></JugadaPrimitiva></JugadasPrimitivas></JugadaComplejaDefensiva><JugadaComplejaDefensiva><NombreJugada>Amage</NombreJugada><FechaCreacion>Wed Nov 18 23:19:19 COT 2015</FechaCreacion><Autor>Esteban</Autor><Explicacion>Realiza un amage con estilo</Explicacion><JugadasPrimitivas><JugadaPrimitiva><Tipo>1</Tipo><Valor>40</Valor></JugadaPrimitiva></JugadasPrimitivas></JugadaComplejaDefensiva></JugadasComplejas></Arquero><Delantero><GolesMArcados>0</GolesMArcados><Dorsal>2</Dorsal><Nombre>Karim Benzema</Nombre><Posicion>Delantero</Posicion><Imagen>imagenes/karim.gif</Imagen><ListaJugadas/><JugadasComplejas><JugadaComplejaDefensiva><NombreJugada>Meteoro</NombreJugada><FechaCreacion>Wed Nov 18 22:58:57 COT 2015</FechaCreacion><Autor/><Explicacion>Remate al arco con potencia maxima !</Explicacion><JugadasPrimitivas><JugadaPrimitiva><Tipo>1</Tipo><Valor>20</Valor></JugadaPrimitiva><JugadaPrimitiva><Tipo>5</Tipo><Valor>0</Valor></JugadaPrimitiva></JugadasPrimitivas></JugadaComplejaDefensiva><JugadaComplejaDefensiva><NombreJugada>Carambola</NombreJugada><FechaCreacion>Wed Nov 18 22:46:37 COT 2015</FechaCreacion><Autor/><Explicacion>Eludir al defensor con movimientos rotatorios y anotar
					un gol
				</Explicacion><JugadasPrimitivas><JugadaPrimitiva><Tipo>1</Tipo><Valor>10</Valor></JugadaPrimitiva></JugadasPrimitivas></JugadaComplejaDefensiva><JugadaComplejaDefensiva><NombreJugada>Meteoro</NombreJugada><FechaCreacion>Wed Nov 18 22:58:57 COT 2015</FechaCreacion><Autor/><Explicacion>Remate al arco con potencia maxima !</Explicacion><JugadasPrimitivas><JugadaPrimitiva><Tipo>1</Tipo><Valor>50</Valor></JugadaPrimitiva></JugadasPrimitivas></JugadaComplejaDefensiva><JugadaComplejaDefensiva><NombreJugada>Amage</NombreJugada><FechaCreacion>Wed Nov 18 23:19:19 COT 2015</FechaCreacion><Autor>Esteban</Autor><Explicacion>Realiza un amage con estilo</Explicacion><JugadasPrimitivas><JugadaPrimitiva><Tipo>1</Tipo><Valor>40</Valor></JugadaPrimitiva><JugadaPrimitiva><Tipo>4</Tipo><Valor>30</Valor></JugadaPrimitiva></JugadasPrimitivas></JugadaComplejaDefensiva><JugadaComplejaDefensiva><NombreJugada>Zig-Zag</NombreJugada><FechaCreacion>Wed Nov 18 22:55:33 COT 2015</FechaCreacion><Autor/><Explicacion>Giros inesperados de alto nivel para eludir al rival
				</Explicacion><JugadasPrimitivas><JugadaPrimitiva><Tipo>3</Tipo><Valor>0</Valor></JugadaPrimitiva><JugadaPrimitiva><Tipo>2</Tipo><Valor>0</Valor></JugadaPrimitiva><JugadaPrimitiva><Tipo>2</Tipo><Valor>0</Valor></JugadaPrimitiva><JugadaPrimitiva><Tipo>3</Tipo><Valor>0</Valor></JugadaPrimitiva></JugadasPrimitivas></JugadaComplejaDefensiva><JugadaComplejaDefensiva><NombreJugada>Fatality</NombreJugada><FechaCreacion>Wed Nov 18 23:24:50 COT 2015</FechaCreacion><Autor/><Explicacion>Contra-ataca al oponente para quitarle el balon y
					realizar su proximo gol
				</Explicacion><JugadasPrimitivas><JugadaPrimitiva><Tipo>1</Tipo><Valor>50</Valor></JugadaPrimitiva><JugadaPrimitiva><Tipo>3</Tipo><Valor>0</Valor></JugadaPrimitiva><JugadaPrimitiva><Tipo>5</Tipo><Valor>0</Valor></JugadaPrimitiva><JugadaPrimitiva><Tipo>4</Tipo><Valor>30</Valor></JugadaPrimitiva><JugadaPrimitiva><Tipo>5</Tipo><Valor>0</Valor></JugadaPrimitiva><JugadaPrimitiva><Tipo>5</Tipo><Valor>0</Valor></JugadaPrimitiva><JugadaPrimitiva><Tipo>1</Tipo><Valor>20</Valor></JugadaPrimitiva></JugadasPrimitivas></JugadaComplejaDefensiva></JugadasComplejas></Delantero><Delantero><GolesMArcados>0</GolesMArcados><Dorsal>6</Dorsal><Nombre>Sergio Aguero</Nombre><Posicion>Delantero</Posicion><Imagen>imagenes/sergio.gif</Imagen><ListaJugadas/><JugadasComplejas><JugadaComplejaDefensiva><NombreJugada>Tornado</NombreJugada><FechaCreacion>Wed Nov 18 23:19:19 COT 2015</FechaCreacion><Autor>Esteban</Autor><Explicacion>Realiza un ataque de giros inesperados cuando creas que
					no hay esperanza
				</Explicacion><JugadasPrimitivas><JugadaPrimitiva><Tipo>3</Tipo><Valor>0</Valor></JugadaPrimitiva><JugadaPrimitiva><Tipo>3</Tipo><Valor>0</Valor></JugadaPrimitiva><JugadaPrimitiva><Tipo>3</Tipo><Valor>0</Valor></JugadaPrimitiva><JugadaPrimitiva><Tipo>3</Tipo><Valor>0</Valor></JugadaPrimitiva></JugadasPrimitivas></JugadaComplejaDefensiva></JugadasComplejas></Delantero><Delantero><GolesMArcados>0</GolesMArcados><Dorsal>12</Dorsal><Nombre>Luis Suarez</Nombre><Posicion>Delantero</Posicion><Imagen>imagenes/suarez.gif</Imagen><ListaJugadas/><JugadasComplejas><JugadaComplejaDefensiva><NombreJugada>Zig-Zag</NombreJugada><FechaCreacion>Wed Nov 18 22:55:33 COT 2015</FechaCreacion><Autor/><Explicacion>Giros inesperados de alto nivel para eludir al rival
				</Explicacion><JugadasPrimitivas><JugadaPrimitiva><Tipo>2</Tipo><Valor>0</Valor></JugadaPrimitiva><JugadaPrimitiva><Tipo>2</Tipo><Valor>0</Valor></JugadaPrimitiva><JugadaPrimitiva><Tipo>2</Tipo><Valor>0</Valor></JugadaPrimitiva><JugadaPrimitiva><Tipo>2</Tipo><Valor>0</Valor></JugadaPrimitiva></JugadasPrimitivas></JugadaComplejaDefensiva></JugadasComplejas></Delantero><Delantero><GolesMArcados>0</GolesMArcados><Dorsal>10</Dorsal><Nombre>Harry Kane</Nombre><Posicion>Delantero</Posicion><Imagen>imagenes/kane.gif</Imagen><ListaJugadas/><JugadasComplejas><JugadaComplejaDefensiva><NombreJugada>Meteoro</NombreJugada><FechaCreacion>Wed Nov 18 22:58:57 COT 2015</FechaCreacion><Autor/><Explicacion>Remate al arco con potencia maxima !</Explicacion><JugadasPrimitivas><JugadaPrimitiva><Tipo>1</Tipo><Valor>10</Valor></JugadaPrimitiva><JugadaPrimitiva><Tipo>2</Tipo><Valor>0</Valor></JugadaPrimitiva><JugadaPrimitiva><Tipo>2</Tipo><Valor>0</Valor></JugadaPrimitiva><JugadaPrimitiva><Tipo>2</Tipo><Valor>0</Valor></JugadaPrimitiva><JugadaPrimitiva><Tipo>2</Tipo><Valor>0</Valor></JugadaPrimitiva></JugadasPrimitivas></JugadaComplejaDefensiva><JugadaComplejaDefensiva><NombreJugada>azaroso</NombreJugada><FechaCreacion>Wed Nov 18 23:48:03 COT 2015</FechaCreacion><Autor/><Explicacion>Realiza un combo de amages para asustar y
					posteriormente
					atacar al oponente.
				</Explicacion><JugadasPrimitivas><JugadaPrimitiva><Tipo>1</Tipo><Valor>30</Valor></JugadaPrimitiva><JugadaPrimitiva><Tipo>4</Tipo><Valor>30</Valor></JugadaPrimitiva></JugadasPrimitivas></JugadaComplejaDefensiva></JugadasComplejas></Delantero><Delantero><GolesMArcados>0</GolesMArcados><Dorsal>20</Dorsal><Nombre>Robert Lewandowski</Nombre><Posicion>Delantero</Posicion><Imagen>imagenes/roberLew.gif</Imagen><ListaJugadas/><JugadasComplejas><JugadaComplejaDefensiva><NombreJugada>Camicazi</NombreJugada><FechaCreacion>Wed Nov 18 23:00:06 COT 2015</FechaCreacion><Autor/><Explicacion>Defensa maxima para el momento en que se acerque el
					oponente al arco
				</Explicacion><JugadasPrimitivas><JugadaPrimitiva><Tipo>1</Tipo><Valor>15</Valor></JugadaPrimitiva><JugadaPrimitiva><Tipo>4</Tipo><Valor>15</Valor></JugadaPrimitiva></JugadasPrimitivas></JugadaComplejaDefensiva><JugadaComplejaDefensiva><NombreJugada>azaroso</NombreJugada><FechaCreacion>Wed Nov 18 23:48:03 COT 2015</FechaCreacion><Autor/><Explicacion>Realiza un combo de amages para asustar y
					posteriormente
					atacar al oponente.
				</Explicacion><JugadasPrimitivas><JugadaPrimitiva><Tipo>1</Tipo><Valor>30</Valor></JugadaPrimitiva><JugadaPrimitiva><Tipo>5</Tipo><Valor>0</Valor></JugadaPrimitiva><JugadaPrimitiva><Tipo>3</Tipo><Valor>0</Valor></JugadaPrimitiva><JugadaPrimitiva><Tipo>1</Tipo><Valor>25</Valor></JugadaPrimitiva><JugadaPrimitiva><Tipo>5</Tipo><Valor>0</Valor></JugadaPrimitiva><JugadaPrimitiva><Tipo>2</Tipo><Valor>0</Valor></JugadaPrimitiva><JugadaPrimitiva><Tipo>1</Tipo><Valor>25</Valor></JugadaPrimitiva><JugadaPrimitiva><Tipo>4</Tipo><Valor>25</Valor></JugadaPrimitiva></JugadasPrimitivas></JugadaComplejaDefensiva></JugadasComplejas></Delantero></Futbolistas>