<?xml version="1.0" encoding="UTF-8" standalone="no"?><Robots><Robot><Arquero><Arquero><TiempoSinGoles>0</TiempoSinGoles><Dorsal>3</Dorsal><Nombre>XXX</Nombre><Posicion>Arquero</Posicion><Imagen>navas.gif</Imagen><ListaJugadas/><JugadasComplejas><JugadaComplejaDefensiva><NombreJugada>Amage</NombreJugada><FechaCreacion>Wed Nov 18 23:19:19 COT 2015</FechaCreacion><Autor>Esteban</Autor><Explicacion>Realiza un amage con estilo</Explicacion><JugadasPrimitivas><JugadaPrimitiva><Tipo>1</Tipo><Valor>40</Valor></JugadaPrimitiva><JugadaPrimitiva><Tipo>4</Tipo><Valor>30</Valor></JugadaPrimitiva><JugadaPrimitiva><Tipo>1</Tipo><Valor>40</Valor></JugadaPrimitiva><JugadaPrimitiva><Tipo>4</Tipo><Valor>30</Valor></JugadaPrimitiva></JugadasPrimitivas></JugadaComplejaDefensiva><JugadaComplejaDefensiva><NombreJugada>Amage</NombreJugada><FechaCreacion>Wed Nov 18 23:19:19 COT 2015</FechaCreacion><Autor>Esteban</Autor><Explicacion>Realiza un amage con estilo</Explicacion><JugadasPrimitivas><JugadaPrimitiva><Tipo>1</Tipo><Valor>40</Valor></JugadaPrimitiva><JugadaPrimitiva><Tipo>4</Tipo><Valor>30</Valor></JugadaPrimitiva><JugadaPrimitiva><Tipo>1</Tipo><Valor>40</Valor></JugadaPrimitiva><JugadaPrimitiva><Tipo>4</Tipo><Valor>30</Valor></JugadaPrimitiva></JugadasPrimitivas></JugadaComplejaDefensiva><JugadaComplejaDefensiva><NombreJugada>Fatality</NombreJugada><FechaCreacion>Wed Nov 18 23:24:50 COT 2015</FechaCreacion><Autor/><Explicacion>Contra-ataca al oponente para quitarle el balon y
			realizar su proximo gol
		</Explicacion><JugadasPrimitivas><JugadaPrimitiva><Tipo>1</Tipo><Valor>50</Valor></JugadaPrimitiva><JugadaPrimitiva><Tipo>3</Tipo><Valor>0</Valor></JugadaPrimitiva><JugadaPrimitiva><Tipo>5</Tipo><Valor>0</Valor></JugadaPrimitiva><JugadaPrimitiva><Tipo>4</Tipo><Valor>30</Valor></JugadaPrimitiva><JugadaPrimitiva><Tipo>5</Tipo><Valor>0</Valor></JugadaPrimitiva><JugadaPrimitiva><Tipo>5</Tipo><Valor>0</Valor></JugadaPrimitiva><JugadaPrimitiva><Tipo>1</Tipo><Valor>20</Valor></JugadaPrimitiva></JugadasPrimitivas></JugadaComplejaDefensiva></JugadasComplejas></Arquero></Arquero><ConeccionBluetooth>btspp://NXT_3</ConeccionBluetooth><PosicionRelativa><X>122.0</X><Y>0.0</Y></PosicionRelativa></Robot><Robot><Delantero><Delantero><GolesMArcados>0</GolesMArcados><Dorsal>2</Dorsal><Nombre>Karim Benzema</Nombre><Posicion>Delantero</Posicion><Imagen>""</Imagen><ListaJugadas/><JugadasComplejas><JugadaComplejaDefensiva><NombreJugada>Meteoro</NombreJugada><FechaCreacion>Wed Nov 18 22:58:57 COT 2015</FechaCreacion><Autor/><Explicacion>Remate al arco con potencia maxima !</Explicacion><JugadasPrimitivas><JugadaPrimitiva><Tipo>1</Tipo><Valor>10</Valor></JugadaPrimitiva></JugadasPrimitivas></JugadaComplejaDefensiva><JugadaComplejaDefensiva><NombreJugada>Carambola</NombreJugada><FechaCreacion>Wed Nov 18 22:46:37 COT 2015</FechaCreacion><Autor/><Explicacion>Eludir al defensor con movimientos rotatorios y
							anotar
							un gol
						</Explicacion><JugadasPrimitivas><JugadaPrimitiva><Tipo>1</Tipo><Valor>10</Valor></JugadaPrimitiva></JugadasPrimitivas></JugadaComplejaDefensiva><JugadaComplejaDefensiva><NombreJugada>Meteoro</NombreJugada><FechaCreacion>Wed Nov 18 22:58:57 COT 2015</FechaCreacion><Autor/><Explicacion>Remate al arco con potencia maxima !</Explicacion><JugadasPrimitivas><JugadaPrimitiva><Tipo>1</Tipo><Valor>50</Valor></JugadaPrimitiva></JugadasPrimitivas></JugadaComplejaDefensiva></JugadasComplejas></Delantero></Delantero><ConeccionBluetooth>btspp://NXT_4</ConeccionBluetooth><PosicionRelativa><X>0.0</X><Y>0.0</Y></PosicionRelativa></Robot></Robots>